instant,dteday,season,yr,mnth,holiday,weekday,workingday,weathersit,temp,atemp,hum,windspeed,casual,registered,cnt
1,2011-01-01,1,0,1,0,6,0,2,49.2,46.56725033,83.2,8.5,331,654,985
2,2011-01-02,1,0,1,0,0,0,2,49.5,50.86281411,71.9,11,131,670,801
3,2011-01-03,1,0,1,0,1,1,1,33.4,34.6271619,44.7,10.3,120,1229,1349
4,2011-01-04,1,0,1,0,2,1,1,33.9,31.96273842,60.3,6.5,108,1454,1562
5,2011-01-05,1,0,1,0,3,1,1,36.5,36.13176822,43.2,8.4,82,1518,1600
6,2011-01-06,1,0,1,0,4,1,1,33.7,29.52942468,54,4.5,88,1518,1606
7,2011-01-07,1,0,1,0,5,1,2,33.4,31.43011985,51.1,6.9,148,1362,1510
8,2011-01-08,1,0,1,0,6,0,2,30.5,31.0161845,65.6,7.8,68,891,959
9,2011-01-09,1,0,1,0,0,0,1,28.1,33.45949903,44.5,15,54,768,822
10,2011-01-10,1,0,1,0,1,1,1,29.3,29.28931989,49.3,9,41,1280,1321
11,2011-01-11,1,0,1,0,2,1,2,30.6,27.02432102,80,4.5,43,1220,1263
12,2011-01-12,1,0,1,0,3,1,1,30.9,33.25957825,62.4,12.5,25,1137,1162
13,2011-01-13,1,0,1,0,4,1,1,30.6,33.46301439,47.8,12.4,38,1368,1406
14,2011-01-14,1,0,1,0,5,1,1,30.2,25.78523775,54.8,5.6,54,1367,1421
15,2011-01-15,1,0,1,0,6,0,2,37.4,35.17223754,50.2,6.6,222,1026,1248
16,2011-01-16,1,0,1,0,0,0,1,36.5,36.10261211,48.1,8.6,251,953,1204
17,2011-01-17,1,0,1,1,1,0,2,31.1,30.93497406,62.9,8.3,117,883,1000
18,2011-01-18,1,0,1,0,2,1,2,33.8,31.52089716,88.8,8.5,9,674,683
19,2011-01-19,1,0,1,0,3,1,2,40,39.16252823,80.3,7.2,78,1572,1650
20,2011-01-20,1,0,1,0,4,1,2,39,40.01181337,55.1,9,83,1844,1927
21,2011-01-21,1,0,1,0,5,1,1,32.2,36.21232569,52.5,13,75,1468,1543
22,2011-01-22,1,0,1,0,6,0,1,21,15.70437184,41.9,7.4,93,888,981
23,2011-01-23,1,0,1,0,0,0,1,24.5,23.92556842,43.8,10.1,150,836,986
24,2011-01-24,1,0,1,0,1,1,1,24.9,20.56341364,50.9,6.8,86,1330,1416
25,2011-01-25,1,0,1,0,2,1,2,36,34.3041198,62.3,5.3,186,1799,1985
26,2011-01-26,1,0,1,0,3,1,3,34.8,37.17583497,89.4,12.3,34,472,506
27,2011-01-27,1,0,1,0,4,1,1,34.7,30.79881657,67.7,8.3,15,416,431
28,2011-01-28,1,0,1,0,5,1,2,33.4,30.43281613,82.3,5.1,38,1129,1167
29,2011-01-29,1,0,1,0,6,0,1,33.4,30.9430942,66.4,6,123,975,1098
30,2011-01-30,1,0,1,0,0,0,1,35.2,30.44708176,71.6,3.2,140,956,1096
31,2011-01-31,1,0,1,0,1,1,2,31.1,30.19547007,60.9,7.4,42,1459,1501
32,2011-02-01,1,0,2,0,2,1,2,32.6,26.7124564,86.3,2.1,47,1313,1360
33,2011-02-02,1,0,2,0,3,1,2,38.7,39.54924396,83.3,8.7,72,1454,1526
34,2011-02-03,1,0,2,0,4,1,1,32.7,34.36902765,45.1,10.9,61,1489,1550
35,2011-02-04,1,0,2,0,5,1,2,35,32.3537209,59.2,5.6,88,1620,1708
36,2011-02-05,1,0,2,0,6,0,2,36.3,34.84759975,96.4,5.8,100,905,1005
37,2011-02-06,1,0,2,0,0,0,1,41.4,40.57134991,57.3,5.8,354,1269,1623
38,2011-02-07,1,0,2,0,1,1,1,40.2,35.96484664,75.8,1.9,120,1592,1712
39,2011-02-08,1,0,2,0,2,1,1,35,38.9876971,52.3,15.9,64,1466,1530
40,2011-02-09,1,0,2,0,3,1,2,27.8,25.96956953,56.5,8.5,53,1552,1605
41,2011-02-10,1,0,2,0,4,1,1,28.6,27.60553668,43.8,9.2,47,1491,1538
42,2011-02-11,1,0,2,0,5,1,1,32.1,28.428877,54.2,4,149,1597,1746
43,2011-02-12,1,0,2,0,6,0,1,35.8,34.19344592,55,8.6,288,1184,1472
44,2011-02-13,1,0,2,0,0,0,1,44.3,43.26245661,46.8,11.2,397,1192,1589
45,2011-02-14,1,0,2,0,1,1,1,52.9,55.11108322,38.1,17.7,208,1705,1913
46,2011-02-15,1,0,2,0,2,1,1,39.5,41.33508145,31.8,12.2,140,1675,1815
47,2011-02-16,1,0,2,0,3,1,1,45,45.2933112,43.4,10.5,218,1897,2115
48,2011-02-17,1,0,2,0,4,1,1,55.4,56.32730102,52,9.7,259,2216,2475
49,2011-02-18,1,0,2,0,5,1,1,62.8,63.98784257,49.5,11.3,579,2348,2927
50,2011-02-19,1,0,2,0,6,0,1,51,52.01152007,20.2,21.4,532,1103,1635
51,2011-02-20,1,0,2,0,0,0,1,41.3,42.47453251,42.2,9,639,1173,1812
52,2011-02-21,1,0,2,1,1,0,2,39.9,42.60489906,68.8,14,195,912,1107
53,2011-02-22,1,0,2,0,2,1,1,30.4,29.77723737,69.9,10.4,74,1376,1450
54,2011-02-23,1,0,2,0,3,1,1,35.7,32.21625813,43.6,3.8,139,1778,1917
55,2011-02-24,1,0,2,0,4,1,2,43.2,44.16515867,73.5,11.1,100,1707,1807
56,2011-02-25,1,0,2,0,5,1,2,49.5,51.46143508,76.3,13.6,120,1341,1461
57,2011-02-26,1,0,2,0,6,0,1,41.4,41.44518626,55,7.9,424,1545,1969
58,2011-02-27,1,0,2,0,0,0,1,46.8,45.7828492,67.7,4.7,694,1708,2402
59,2011-02-28,1,0,2,0,1,1,2,54.2,55.16921658,87.6,11.8,81,1365,1446
60,2011-03-01,1,0,3,0,2,1,1,39.4,39.81627867,54.1,8.5,137,1714,1851
61,2011-03-02,1,0,3,0,3,1,1,46.5,48.66888909,43.5,13.9,231,1903,2134
62,2011-03-03,1,0,3,0,4,1,1,33.1,32.80229797,34.6,8.6,123,1562,1685
63,2011-03-04,1,0,3,0,5,1,2,39.8,40.73211566,62,8.3,214,1730,1944
64,2011-03-05,1,0,3,0,6,0,2,49.3,50.00127541,83,10.9,640,1437,2077
65,2011-03-06,1,0,3,0,0,0,2,48.1,49.4487626,97.7,13.9,114,491,605
66,2011-03-07,1,0,3,0,1,1,1,38.7,42.47780266,58.9,15.4,244,1628,1872
67,2011-03-08,1,0,3,0,2,1,1,42.1,40.72172619,43.4,4.8,316,1817,2133
68,2011-03-09,1,0,3,0,3,1,2,42,43.35184642,80.3,9.2,191,1700,1891
69,2011-03-10,1,0,3,0,4,1,3,52,52.46152649,98.8,12.1,46,577,623
70,2011-03-11,1,0,3,0,5,1,2,44.3,45.97352328,69.2,8.6,247,1730,1977
71,2011-03-12,1,0,3,0,6,0,1,45.4,45.87622962,60.8,8.8,724,1408,2132
72,2011-03-13,1,0,3,0,0,0,1,50.5,51.06559745,52.5,11.4,982,1435,2417
73,2011-03-14,1,0,3,0,1,1,1,45,44.08061747,49.8,6.2,359,1687,2046
74,2011-03-15,1,0,3,0,2,1,2,44.1,43.99092049,68.6,7.7,289,1767,2056
75,2011-03-16,1,0,3,0,3,1,2,47.2,46.97964843,83.3,8.3,321,1871,2192
76,2011-03-17,1,0,3,0,4,1,1,53,53.60280553,60.4,8.6,424,2320,2744
77,2011-03-18,1,0,3,0,5,1,1,63.8,65.37269762,52.8,9.5,884,2355,3239
78,2011-03-19,1,0,3,0,6,0,1,58,58.74283265,38.7,15.7,1424,1693,3117
79,2011-03-20,1,0,3,0,0,0,1,45.7,46.64696853,47.5,9,1047,1424,2471
80,2011-03-21,2,0,3,0,1,1,2,53,55.67758429,75.1,11.8,401,1676,2077
81,2011-03-22,2,0,3,0,2,1,1,55.4,55.52886879,63,9.4,460,2243,2703
82,2011-03-23,2,0,3,0,3,1,2,47,48.2542086,85.7,10.9,203,1918,2121
83,2011-03-24,2,0,3,0,4,1,2,41.1,43.24989938,85.5,10.7,166,1699,1865
84,2011-03-25,2,0,3,0,5,1,1,39.5,40.71052662,50.4,10,300,1910,2210
85,2011-03-26,2,0,3,0,6,0,1,39.2,40.45740242,40.5,8.5,981,1515,2496
86,2011-03-27,2,0,3,0,0,0,2,38,38.41045143,52.8,7.7,472,1221,1693
87,2011-03-28,2,0,3,0,1,1,1,39,40.02567029,31.4,9.2,222,1806,2028
88,2011-03-29,2,0,3,0,2,1,1,43.1,44.51141655,32.1,9.5,317,2108,2425
89,2011-03-30,2,0,3,0,3,1,2,41.2,41.56717673,75.6,8,168,1368,1536
90,2011-03-31,2,0,3,0,4,1,3,39.6,41.25395244,92.6,9.1,179,1506,1685
91,2011-04-01,2,0,4,0,5,1,2,42.2,44.66333162,75.6,10.5,307,1920,2227
92,2011-04-02,2,0,4,0,6,0,2,44.4,44.31039454,67.8,10.8,898,1354,2252
93,2011-04-03,2,0,4,0,0,0,1,50.4,50.34225051,47.9,7.4,1651,1598,3249
94,2011-04-04,2,0,4,0,1,1,1,67.2,70.96319703,43.1,16.1,734,2381,3115
95,2011-04-05,2,0,4,0,2,1,2,54,56.14413958,71.8,16.4,167,1628,1795
96,2011-04-06,2,0,4,0,3,1,1,51.1,51.52516537,47.2,11.1,413,2395,2808
97,2011-04-07,2,0,4,0,4,1,1,55.1,55.58328876,60.2,7,571,2570,3141
98,2011-04-08,2,0,4,0,5,1,2,45.6,47.19561143,86.5,10.5,172,1299,1471
99,2011-04-09,2,0,4,0,6,0,2,46.3,46.43163538,88.7,6.4,879,1576,2455
100,2011-04-10,2,0,4,0,0,0,2,53.7,53.6911913,86,6,1188,1707,2895
101,2011-04-11,2,0,4,0,1,1,2,67.4,71.0292592,75.7,13.1,855,2493,3348
102,2011-04-12,2,0,4,0,2,1,2,60,61.1494887,76.3,12.9,257,1777,2034
103,2011-04-13,2,0,4,0,3,1,2,51.7,51.10740193,87.5,9.8,209,1953,2162
104,2011-04-14,2,0,4,0,4,1,1,57.7,58.29328222,54.4,5,529,2738,3267
105,2011-04-15,2,0,4,1,5,0,1,55.5,56.09705643,68.7,10.3,642,2484,3126
106,2011-04-16,2,0,4,0,6,0,3,57.4,58.12051507,88.7,18.1,121,674,795
107,2011-04-17,2,0,4,0,0,0,1,57.1,58.50554122,47.9,12.6,1558,2186,3744
108,2011-04-18,2,0,4,0,1,1,1,61.8,62.94892536,55.2,6.8,669,2760,3429
109,2011-04-19,2,0,4,0,2,1,2,61.4,63.48009884,66.4,6.3,409,2795,3204
110,2011-04-20,2,0,4,0,3,1,1,70.5,74.32334264,59.7,11.2,613,3331,3944
111,2011-04-21,2,0,4,0,4,1,1,56.9,57.56127515,41.4,13.6,745,3444,4189
112,2011-04-22,2,0,4,0,5,1,2,45.9,47.99758754,75.6,9,177,1506,1683
113,2011-04-23,2,0,4,0,6,0,2,53,54.16321389,91.5,8,1462,2574,4036
114,2011-04-24,2,0,4,0,0,0,2,67.2,70.84205066,85,6.9,1710,2481,4191
115,2011-04-25,2,0,4,0,1,1,1,67.1,70.85701601,86.2,6,773,3300,4073
116,2011-04-26,2,0,4,0,2,1,1,72.1,76.66132628,74,13.8,678,3722,4400
117,2011-04-27,2,0,4,0,3,1,2,71,76.53762027,85.8,12.7,547,3325,3872
118,2011-04-28,2,0,4,0,4,1,2,71.8,76.58365706,71.5,13.7,569,3489,4058
119,2011-04-29,2,0,4,0,5,1,1,61.7,63.25495564,46,10.1,878,3717,4595
120,2011-04-30,2,0,4,0,6,0,1,58.6,59.67079076,50.1,10.1,1965,3347,5312
121,2011-05-01,2,0,5,0,0,0,2,56.6,57.03731381,76.2,4.5,1138,2213,3351
122,2011-05-02,2,0,5,0,1,1,2,64.4,66.37418253,73.4,7.8,847,3554,4401
123,2011-05-03,2,0,5,0,2,1,2,71.3,75.53675206,68.5,14.5,603,3848,4451
124,2011-05-04,2,0,5,0,3,1,2,52.5,53.73475226,75.9,14,255,2378,2633
125,2011-05-05,2,0,5,0,4,1,1,56.7,58.91325498,45,12.1,614,3819,4433
126,2011-05-06,2,0,5,0,5,1,1,59.9,60.53801762,57.1,10.1,894,3714,4608
127,2011-05-07,2,0,5,0,6,0,1,62.5,63.39966564,54.1,6.9,1612,3102,4714
128,2011-05-08,2,0,5,0,0,0,1,63.5,64.65024483,63.1,3.6,1401,2932,4333
129,2011-05-09,2,0,5,0,1,1,1,63.8,64.68112085,58.7,7.1,664,3698,4362
130,2011-05-10,2,0,5,0,2,1,1,63.8,64.99356253,49,5.4,694,4109,4803
131,2011-05-11,2,0,5,0,3,1,1,64.1,65.81046556,64.7,5,550,3632,4182
132,2011-05-12,2,0,5,0,4,1,1,63.5,64.91192537,75.4,7.8,695,4169,4864
133,2011-05-13,2,0,5,0,5,1,2,62.1,64.38650617,86.5,7.8,692,3413,4105
134,2011-05-14,2,0,5,0,6,0,2,62.5,65.02232691,93.7,5.1,902,2507,3409
135,2011-05-15,2,0,5,0,0,0,2,66.3,69.57789179,87.8,6.6,1582,2971,4553
136,2011-05-16,2,0,5,0,1,1,1,68.2,71.5433996,78,6.6,773,3185,3958
137,2011-05-17,2,0,5,0,2,1,2,66.1,68.93999896,84.6,12.3,678,3445,4123
138,2011-05-18,2,0,5,0,3,1,2,65,67.81648007,87.8,8.6,536,3319,3855
139,2011-05-19,2,0,5,0,4,1,2,63.4,65.89395859,81.8,5.1,735,3840,4575
140,2011-05-20,2,0,5,0,5,1,1,64.6,65.53106974,70.3,5.8,909,4008,4917
141,2011-05-21,2,0,5,0,6,0,1,70,73.7357402,63,5.6,2258,3547,5805
142,2011-05-22,2,0,5,0,0,0,1,70.1,73.71994204,74.2,6.3,1576,3084,4660
143,2011-05-23,2,0,5,0,1,1,2,71.2,76.19006465,84.2,8.5,836,3438,4274
144,2011-05-24,2,0,5,0,2,1,2,75.4,82.27997745,73.6,8.6,659,3833,4492
145,2011-05-25,2,0,5,0,3,1,1,75.1,80.62578719,69.9,6.4,740,4238,4978
146,2011-05-26,2,0,5,0,4,1,1,79.5,86.01421364,68.2,8.3,758,3919,4677
147,2011-05-27,2,0,5,0,5,1,1,76.9,82.29126212,66.7,11.3,871,3808,4679
148,2011-05-28,2,0,5,0,6,0,1,74.8,80.10775745,72.5,9.3,2001,2757,4758
149,2011-05-29,2,0,5,0,0,0,1,75.5,81.87190318,82.6,9.2,2355,2433,4788
150,2011-05-30,2,0,5,1,1,0,1,83.2,90.91645497,67.4,5.6,1549,2549,4098
151,2011-05-31,2,0,5,0,2,1,1,85.8,91.66881496,62.6,4.4,673,3309,3982
152,2011-06-01,2,0,6,0,3,1,2,85.3,90.41113546,65.2,9,513,3461,3974
153,2011-06-02,2,0,6,0,4,1,1,80.2,89.04994549,30.3,12.5,736,4232,4968
154,2011-06-03,2,0,6,0,5,1,1,71.3,75.29128835,35.4,10.8,898,4414,5312
155,2011-06-04,2,0,6,0,6,0,1,73.5,78.48127447,44.4,5.1,1869,3473,5342
156,2011-06-05,2,0,6,0,0,0,2,74,77.7826376,65.7,6.1,1685,3221,4906
157,2011-06-06,2,0,6,0,1,1,1,77,83.99287458,59.7,5.4,673,3875,4548
158,2011-06-07,2,0,6,0,2,1,1,79.4,85.63991158,59.5,7.9,763,4070,4833
159,2011-06-08,2,0,6,0,3,1,1,85.4,91.10140428,61.9,5.8,676,3725,4401
160,2011-06-09,2,0,6,0,4,1,2,88.3,94.2156579,56.2,6.7,563,3352,3915
161,2011-06-10,2,0,6,0,5,1,1,82.5,88.56563135,60.8,7.5,815,3771,4586
162,2011-06-11,2,0,6,0,6,0,1,82.2,87.89330392,62.8,7.2,1729,3237,4966
163,2011-06-12,2,0,6,0,0,0,1,79.5,85.57688571,71.4,8.2,1467,2993,4460
164,2011-06-13,2,0,6,0,1,1,1,73,77.04594335,49,12.9,863,4157,5020
165,2011-06-14,2,0,6,0,2,1,1,70.3,71.79989401,50.5,11.2,727,4164,4891
166,2011-06-15,2,0,6,0,3,1,1,72.3,77.08671332,47,8,769,4411,5180
167,2011-06-16,2,0,6,0,4,1,2,72.1,76.09492514,72.3,9.3,545,3222,3767
168,2011-06-17,2,0,6,0,5,1,1,74.5,80.55348253,72.7,8,863,3981,4844
169,2011-06-18,2,0,6,0,6,0,1,77.7,84.06039236,69.5,5.2,1807,3312,5119
170,2011-06-19,2,0,6,0,0,0,2,78.9,85.41397841,66.3,4.4,1639,3105,4744
171,2011-06-20,2,0,6,0,1,1,2,72.5,77.3289818,74.8,6.2,699,3311,4010
172,2011-06-21,3,0,6,0,2,1,2,77.1,82.32189067,77.4,7.3,774,4061,4835
173,2011-06-22,3,0,6,0,3,1,1,81.8,86.45738273,70.2,7.2,661,3846,4507
174,2011-06-23,3,0,6,0,4,1,2,81.2,85.237571,70.2,9.8,746,4044,4790
175,2011-06-24,3,0,6,0,5,1,1,80.5,88.7860994,58.3,9,969,4022,4991
176,2011-06-25,3,0,6,0,6,0,1,78.8,85.13118808,48,9,1782,3420,5202
177,2011-06-26,3,0,6,0,0,0,1,77,82.11671677,51.3,4.6,1920,3385,5305
178,2011-06-27,3,0,6,0,1,1,2,77.1,82.60662413,66.3,4.8,854,3854,4708
179,2011-06-28,3,0,6,0,2,1,1,83.5,89.7223691,62,7.7,732,3916,4648
180,2011-06-29,3,0,6,0,3,1,1,81.3,90.44533106,49.2,11,848,4377,5225
181,2011-06-30,3,0,6,0,4,1,1,78.6,85.96128494,43,8.1,1027,4488,5515
182,2011-07-01,3,0,7,0,5,1,1,80.8,89.51456847,39.7,5.1,1246,4116,5362
183,2011-07-02,3,0,7,0,6,0,1,82.3,91.05960951,44.2,4.9,2204,2915,5119
184,2011-07-03,3,0,7,0,0,0,2,78.2,83.82508978,73.6,8.4,2282,2367,4649
185,2011-07-04,3,0,7,1,1,0,2,81.3,88.78346526,63.4,3.5,3065,2978,6043
186,2011-07-05,3,0,7,0,2,1,1,82.9,88.89173692,59.3,5.6,1031,3634,4665
187,2011-07-06,3,0,7,0,3,1,1,80.4,84.43000847,74.4,6.4,784,3845,4629
188,2011-07-07,3,0,7,0,4,1,1,81.3,88.77212752,70,7.2,754,3838,4592
189,2011-07-08,3,0,7,0,5,1,2,79.3,83.87527066,76.7,9.1,692,3348,4040
190,2011-07-09,3,0,7,0,6,0,1,82,90.54066352,59.6,7.4,1988,3348,5336
191,2011-07-10,3,0,7,0,0,0,1,83.1,90.02173834,57.6,7.5,1743,3138,4881
192,2011-07-11,3,0,7,0,1,1,1,84.6,88.39017051,62.4,11.7,723,3363,4086
193,2011-07-12,3,0,7,0,2,1,1,87.2,93.67469805,55.5,8.8,662,3596,4258
194,2011-07-13,3,0,7,0,3,1,1,81.8,88.59443896,67.1,7.2,748,3594,4342
195,2011-07-14,3,0,7,0,4,1,1,77.1,82.65138355,47.5,10,888,4196,5084
196,2011-07-15,3,0,7,0,5,1,1,75.3,79.9988707,59,7.6,1318,4220,5538
197,2011-07-16,3,0,7,0,6,0,1,77.7,83.59254085,58.3,8.7,2418,3505,5923
198,2011-07-17,3,0,7,0,0,0,1,80.5,86.42892109,60.1,10.2,2006,3296,5302
199,2011-07-18,3,0,7,0,1,1,1,83,88.03972156,64.4,9,841,3617,4458
200,2011-07-19,3,0,7,0,2,1,1,86.1,89.46208348,63.7,5.8,752,3789,4541
201,2011-07-20,3,0,7,0,3,1,1,84,86.41624423,72.2,4.9,644,3688,4332
202,2011-07-21,3,0,7,0,4,1,2,89.3,88.07121741,68.8,9.4,632,3152,3784
203,2011-07-22,3,0,7,0,5,1,1,92.5,93.31808274,56.6,5.9,562,2825,3387
204,2011-07-23,3,0,7,0,6,0,1,92.3,97.45043013,49.1,6.6,987,2298,3285
205,2011-07-24,3,0,7,0,0,0,1,90.3,94.29575418,54.6,7,1050,2556,3606
206,2011-07-25,3,0,7,0,1,1,1,82.8,85.36970586,74.9,5.6,568,3272,3840
207,2011-07-26,3,0,7,0,2,1,1,85.3,94.440715,53.8,8.7,750,3840,4590
208,2011-07-27,3,0,7,0,3,1,1,85.6,96.05207719,40,7.9,755,3901,4656
209,2011-07-28,3,0,7,0,4,1,1,85.7,90.24815772,57.6,7.3,606,3784,4390
210,2011-07-29,3,0,7,0,5,1,1,91.8,97.9162858,53.1,7.8,670,3176,3846
211,2011-07-30,3,0,7,0,6,0,1,88.7,97.90801689,46,7.4,1559,2916,4475
212,2011-07-31,3,0,7,0,0,0,1,88.7,97.94159889,46.7,6.8,1524,2778,4302
213,2011-08-01,3,0,8,0,1,1,1,85.7,94.03186998,53.5,7.2,729,3537,4266
214,2011-08-02,3,0,8,0,2,1,1,86.4,95.71877676,48.3,8.7,801,4044,4845
215,2011-08-03,3,0,8,0,3,1,2,81.2,87.37774294,67.1,6.5,467,3107,3574
216,2011-08-04,3,0,8,0,4,1,2,79.2,84.58636437,77.7,8.9,799,3777,4576
217,2011-08-05,3,0,8,0,5,1,1,79.8,86.39555963,62.7,7.4,1023,3843,4866
218,2011-08-06,3,0,8,0,6,0,2,80.5,85.32330431,75.2,10.2,1521,2773,4294
219,2011-08-07,3,0,8,0,0,0,1,81.7,84.80767295,77.8,8.7,1298,2487,3785
220,2011-08-08,3,0,8,0,1,1,1,84.5,91.9153456,59,8.2,846,3480,4326
221,2011-08-09,3,0,8,0,2,1,1,85.5,91.50749668,57.2,5.9,907,3695,4602
222,2011-08-10,3,0,8,0,3,1,1,84.7,94.80044746,42.2,8.6,884,3896,4780
223,2011-08-11,3,0,8,0,4,1,1,80.4,88.54204239,42.3,7,812,3980,4792
224,2011-08-12,3,0,8,0,5,1,1,79.5,86.09917024,41.4,5.8,1051,3854,4905
225,2011-08-13,3,0,8,0,6,0,2,77.3,82.08443791,75.7,11.2,1504,2646,4150
226,2011-08-14,3,0,8,0,0,0,2,74.8,81.06288334,85.4,9.5,1338,2482,3820
227,2011-08-15,3,0,8,0,1,1,1,75.5,81.58566022,72.2,8.1,775,3563,4338
228,2011-08-16,3,0,8,0,2,1,1,79,85.72721445,57.3,9.9,721,4004,4725
229,2011-08-17,3,0,8,0,3,1,1,80.8,87.66738976,57.8,5.8,668,4026,4694
230,2011-08-18,3,0,8,0,4,1,1,81.6,87.68792102,62,10.8,639,3166,3805
231,2011-08-19,3,0,8,0,5,1,2,76.2,82.43093643,73.1,7.9,797,3356,4153
232,2011-08-20,3,0,8,0,6,0,1,78.4,84.2593791,67.8,4.4,1914,3277,5191
233,2011-08-21,3,0,8,0,0,0,1,80.4,84.60230665,75.8,10.9,1249,2624,3873
234,2011-08-22,3,0,8,0,1,1,1,78,84.52751726,47.3,11.7,833,3925,4758
235,2011-08-23,3,0,8,0,2,1,1,73.6,77.8219385,45.5,6.4,1281,4614,5895
236,2011-08-24,3,0,8,0,3,1,1,76.6,81.77891554,60.8,10.6,949,4181,5130
237,2011-08-25,3,0,8,0,4,1,2,77.8,82.41520932,78.7,8.2,435,3107,3542
238,2011-08-26,3,0,8,0,5,1,1,79.5,84.35230616,75.8,4.4,768,3893,4661
239,2011-08-27,3,0,8,0,6,0,2,75.8,81.10064259,85.7,20.8,226,889,1115
240,2011-08-28,3,0,8,0,0,0,1,77,84.02312955,65.4,19,1415,2919,4334
241,2011-08-29,3,0,8,0,1,1,1,72.9,76.34248468,55.5,6.8,729,3905,4634
242,2011-08-30,3,0,8,0,2,1,1,73.3,78.78026901,54.6,5.3,775,4429,5204
243,2011-08-31,3,0,8,0,3,1,1,74.5,80.05238161,59.3,3.4,688,4370,5058
244,2011-09-01,3,0,9,0,4,1,1,74.6,79.46223986,63.3,6.2,783,4332,5115
245,2011-09-02,3,0,9,0,5,1,2,73.1,77.75631655,73.8,6.3,875,3852,4727
246,2011-09-03,3,0,9,0,6,0,1,75.8,80.10394385,71,7.7,1935,2549,4484
247,2011-09-04,3,0,9,0,0,0,1,79.7,84.93860337,73.5,8.7,2521,2419,4940
248,2011-09-05,3,0,9,1,1,0,2,76.3,82.11561794,81.1,8.9,1236,2115,3351
249,2011-09-06,3,0,9,0,2,1,3,64.4,67.5,89.1,14,204,2506,2710
250,2011-09-07,3,0,9,0,3,1,3,69.8,76.84606406,92.5,4.7,118,1878,1996
251,2011-09-08,3,0,9,0,4,1,3,72.7,82.9829158,93.6,8.1,153,1689,1842
252,2011-09-09,3,0,9,0,5,1,2,73.4,82.4083766,92.3,5.2,417,3127,3544
253,2011-09-10,3,0,9,0,6,0,1,74.7,81.09388416,78.3,6.4,1750,3595,5345
254,2011-09-11,3,0,9,0,0,0,1,74.7,80.10776752,71.1,5.1,1633,3413,5046
255,2011-09-12,3,0,9,0,1,1,1,73.4,78.54639895,70.5,3.5,690,4023,4713
256,2011-09-13,3,0,9,0,2,1,1,74.4,80.22807437,71.4,6,701,4062,4763
257,2011-09-14,3,0,9,0,3,1,1,76.6,82.27358079,69.4,7,647,4138,4785
258,2011-09-15,3,0,9,0,4,1,2,67.3,70.19647047,72.3,12.9,428,3231,3659
259,2011-09-16,3,0,9,0,5,1,2,57.9,58.8650941,58.8,6.8,742,4018,4760
260,2011-09-17,3,0,9,0,6,0,2,60.2,61.85498671,71.8,7.9,1434,3077,4511
261,2011-09-18,3,0,9,0,0,0,1,61.7,63.833615,68.8,7.3,1353,2921,4274
262,2011-09-19,3,0,9,0,1,1,2,65.2,67.59935508,69.9,6.5,691,3848,4539
263,2011-09-20,3,0,9,0,2,1,2,66,69.65208176,87.7,6.5,438,3203,3641
264,2011-09-21,3,0,9,0,3,1,2,69.6,75.22164884,89.1,3.6,539,3813,4352
265,2011-09-22,3,0,9,0,4,1,2,71.5,80.95280136,92.5,5.4,555,4240,4795
266,2011-09-23,4,0,9,0,5,1,2,71.1,82.95288236,96.7,3.6,258,2137,2395
267,2011-09-24,4,0,9,0,6,0,2,70.3,75.56304632,87.1,3.3,1776,3647,5423
268,2011-09-25,4,0,9,0,0,0,2,72.4,80.17939951,86,2.7,1544,3466,5010
269,2011-09-26,4,0,9,0,1,1,2,73.5,81.00233005,85.9,4,684,3946,4630
270,2011-09-27,4,0,9,0,2,1,2,73.5,81.44993603,88.3,4.9,477,3643,4120
271,2011-09-28,4,0,9,0,3,1,2,71.8,79.27039179,87.5,5.2,480,3427,3907
272,2011-09-29,4,0,9,0,4,1,1,71.2,76.42432256,72.9,7,653,4186,4839
273,2011-09-30,4,0,9,0,5,1,1,66.7,69.06743015,65.5,8,830,4372,5202
274,2011-10-01,4,0,10,0,6,0,2,51.7,51.34148616,78.6,11.9,480,1949,2429
275,2011-10-02,4,0,10,0,0,0,2,48.1,49.68096763,80.1,9,616,2302,2918
276,2011-10-03,4,0,10,0,1,1,2,50.8,49.77906572,76.4,3.9,330,3240,3570
277,2011-10-04,4,0,10,0,2,1,1,58.3,59.69431859,73.6,7.8,486,3970,4456
278,2011-10-05,4,0,10,0,3,1,1,64,65.35918868,65.1,8.1,559,4267,4826
279,2011-10-06,4,0,10,0,4,1,1,60.3,62.02481157,61.6,5.8,639,4126,4765
280,2011-10-07,4,0,10,0,5,1,1,61.5,62.28386274,68.5,1,949,4036,4985
281,2011-10-08,4,0,10,0,6,0,1,62.9,63.93251975,69.3,2,2235,3174,5409
282,2011-10-09,4,0,10,0,0,0,1,64.7,66.78059231,71.6,2.6,2397,3114,5511
283,2011-10-10,4,0,10,1,1,0,1,67.4,70.86456546,72.9,1.7,1514,3603,5117
284,2011-10-11,4,0,10,0,2,1,2,67.3,69.83513723,80,6.1,667,3896,4563
285,2011-10-12,4,0,10,0,3,1,3,64.6,67.7963285,90.2,10.3,217,2199,2416
286,2011-10-13,4,0,10,0,4,1,2,68.5,73.13817859,90.4,6.3,290,2623,2913
287,2011-10-14,4,0,10,0,5,1,2,65.8,68.42839741,78.4,9.3,529,3115,3644
288,2011-10-15,4,0,10,0,6,0,1,61.4,62.37777092,48.4,11,1899,3318,5217
289,2011-10-16,4,0,10,0,0,0,1,61.9,62.94730301,49,11.8,1748,3293,5041
290,2011-10-17,4,0,10,0,1,1,1,63.8,66.72838533,57.6,7.4,713,3857,4570
291,2011-10-18,4,0,10,0,2,1,2,63.8,64.99356253,69.9,4.6,637,4111,4748
292,2011-10-19,4,0,10,0,3,1,3,65.1,68.63354319,91,9.5,254,2170,2424
293,2011-10-20,4,0,10,0,4,1,1,59.2,60.38114485,67.4,16.9,471,3724,4195
294,2011-10-21,4,0,10,0,5,1,1,54.3,54.80044665,58.5,9,676,3628,4304
295,2011-10-22,4,0,10,0,6,0,1,53.4,53.0244987,63.8,3.9,1499,2809,4308
296,2011-10-23,4,0,10,0,0,0,1,53.8,53.71515984,74.2,4.3,1619,2762,4381
297,2011-10-24,4,0,10,0,1,1,1,57.6,58.38964703,77.3,5.5,699,3488,4187
298,2011-10-25,4,0,10,0,2,1,1,58.6,59.64863491,61.8,7.4,695,3992,4687
299,2011-10-26,4,0,10,0,3,1,2,59.9,61.33414114,71.9,6,404,3490,3894
300,2011-10-27,4,0,10,0,4,1,2,59.2,60.8778985,81.8,10.1,240,2419,2659
301,2011-10-28,4,0,10,0,5,1,2,45.9,47.63068736,58.7,9.2,456,3291,3747
302,2011-10-29,4,0,10,0,6,0,3,38.5,42.93493351,89,15.8,57,570,627
303,2011-10-30,4,0,10,0,0,0,1,43.8,43.50530018,63,6.8,885,2446,3331
304,2011-10-31,4,0,10,0,1,1,1,46.4,44.30676594,69.3,4.1,362,3307,3669
305,2011-11-01,4,0,11,0,2,1,1,51.7,52.18759091,69,5.7,410,3658,4068
306,2011-11-02,4,0,11,0,3,1,1,49.6,47.99388926,72.3,3.5,370,3816,4186
307,2011-11-03,4,0,11,0,4,1,1,52.5,52.81195725,70.8,5.6,318,3656,3974
308,2011-11-04,4,0,11,0,5,1,2,52,51.99239449,63.6,11.3,470,3576,4046
309,2011-11-05,4,0,11,0,6,0,1,45.3,45.69347638,51.8,8,1156,2770,3926
310,2011-11-06,4,0,11,0,0,0,1,47.3,45.46926217,73.3,3.7,952,2697,3649
311,2011-11-07,4,0,11,0,1,1,1,49.9,49.1691841,79.5,2.4,373,3662,4035
312,2011-11-08,4,0,11,0,2,1,1,52.8,52.2988274,71.8,2.9,376,3829,4205
313,2011-11-09,4,0,11,0,3,1,1,51.9,50.748144,76.3,2.7,305,3804,4109
314,2011-11-10,4,0,11,0,4,1,2,49.6,50.43334466,86.5,7.3,190,2743,2933
315,2011-11-11,4,0,11,1,5,0,1,44.6,47.12205712,45.7,12.9,440,2928,3368
316,2011-11-12,4,0,11,0,6,0,1,48.2,48.02831017,56.3,8.9,1275,2792,4067
317,2011-11-13,4,0,11,0,0,0,1,55.6,56.92791732,46,12.1,1004,2713,3717
318,2011-11-14,4,0,11,0,1,1,1,63.9,64.55628159,58.7,12.9,595,3891,4486
319,2011-11-15,4,0,11,0,2,1,2,63.3,66.09611509,68.8,7.7,449,3746,4195
320,2011-11-16,4,0,11,0,3,1,3,57,57.59006655,94.1,5.7,145,1672,1817
321,2011-11-17,4,0,11,0,4,1,2,46.1,48.73089527,56.9,12.3,139,2914,3053
322,2011-11-18,4,0,11,0,5,1,1,40.5,40.71473594,41.7,7.4,245,3147,3392
323,2011-11-19,4,0,11,0,6,0,1,45.6,46.25824835,51.1,9.5,943,2720,3663
324,2011-11-20,4,0,11,0,0,0,2,57.8,58.59354261,69.9,7.2,787,2733,3520
325,2011-11-21,4,0,11,0,1,1,3,55.6,55.9045706,92.1,6.4,220,2545,2765
326,2011-11-22,4,0,11,0,2,1,3,53.3,52.66436272,95.9,4.6,69,1538,1607
327,2011-11-23,4,0,11,0,3,1,2,56.4,57.7487677,79.1,12.8,112,2454,2566
328,2011-11-24,4,0,11,1,4,0,1,49.5,49.61455657,56.3,7.1,560,935,1495
329,2011-11-25,4,0,11,0,5,1,1,49.5,48.76257976,64.4,4.2,1095,1697,2792
330,2011-11-26,4,0,11,0,6,0,1,49.6,48.40806571,68.9,2.7,1249,1819,3068
331,2011-11-27,4,0,11,0,0,0,1,57.3,57.72327578,70.4,9.1,810,2261,3071
332,2011-11-28,4,0,11,0,1,1,1,61.1,62.76499688,74.8,5.7,253,3614,3867
333,2011-11-29,4,0,11,0,2,1,2,55.4,56.25399767,84.8,12.1,96,2818,2914
334,2011-11-30,4,0,11,0,3,1,1,45,46.99233021,61.1,11.3,188,3425,3613
335,2011-12-01,4,0,12,0,4,1,1,43.8,44.7956826,53.8,8.8,182,3545,3727
336,2011-12-02,4,0,12,0,5,1,1,44,41.70782028,63.2,4.3,268,3672,3940
337,2011-12-03,4,0,12,0,6,0,1,42.9,41.32034455,61.6,3.8,706,2908,3614
338,2011-12-04,4,0,12,0,0,0,1,45.6,43.21393526,78,3.5,634,2851,3485
339,2011-12-05,4,0,12,0,1,1,2,51,49.95235895,82.8,2.9,233,3578,3811
340,2011-12-06,4,0,12,0,2,1,3,57,57.76183173,98,9.5,126,2468,2594
341,2011-12-07,4,0,12,0,3,1,3,52.4,53.67698865,97.4,10.2,50,655,705
342,2011-12-08,4,0,12,0,4,1,1,39.8,41.17784602,58.2,10,150,3172,3322
343,2011-12-09,4,0,12,0,5,1,1,42.3,38.74207475,70.3,3.9,261,3359,3620
344,2011-12-10,4,0,12,0,6,0,1,40.3,41.59910214,49.8,9.9,502,2688,3190
345,2011-12-11,4,0,12,0,0,0,1,35.7,31.14206412,50.3,2.5,377,2366,2743
346,2011-12-12,4,0,12,0,1,1,1,37.3,32.90137863,68.1,2.5,143,3167,3310
347,2011-12-13,4,0,12,0,2,1,1,41.1,38.55624332,59.6,5.8,155,3368,3523
348,2011-12-14,4,0,12,0,3,1,2,44.7,41.94398307,65.3,2.8,178,3562,3740
349,2011-12-15,4,0,12,0,4,1,2,54.3,55.6518459,63.9,11.8,181,3528,3709
350,2011-12-16,4,0,12,0,5,1,2,48.8,50.858056,48.9,10.9,178,3399,3577
351,2011-12-17,4,0,12,0,6,0,2,39,40.40159842,56.4,10,275,2464,2739
352,2011-12-18,4,0,12,0,0,0,1,37.2,36.10238498,59,6.9,220,2211,2431
353,2011-12-19,4,0,12,0,1,1,1,41.3,40.67285474,62.9,7.3,260,3143,3403
354,2011-12-20,4,0,12,0,2,1,2,50.6,49.24442634,60.2,2.7,216,3534,3750
355,2011-12-21,1,0,12,0,3,1,2,55.5,55.54097501,88.1,10.4,107,2553,2660
356,2011-12-22,1,0,12,0,4,1,2,52.6,52.25585174,79.6,3.5,227,2841,3068
357,2011-12-23,1,0,12,0,5,1,1,49.5,48.95191291,76.1,10.9,163,2046,2209
358,2011-12-24,1,0,12,0,6,0,1,42.7,43.16489664,55.5,8.1,155,856,1011
359,2011-12-25,1,0,12,0,0,0,1,40.1,39.35833312,70.1,6.6,303,451,754
360,2011-12-26,1,0,12,1,1,0,1,45,45.88478299,50.2,10.1,430,887,1317
361,2011-12-27,1,0,12,0,2,1,2,48.4,48.01103674,83.4,10,103,1059,1162
362,2011-12-28,1,0,12,0,3,1,1,42.1,44.9805089,50.3,11.7,255,2047,2302
363,2011-12-29,1,0,12,0,4,1,1,38.2,35.94773847,59.3,5,254,2169,2423
364,2011-12-30,1,0,12,0,5,1,1,44.4,43.40493708,63.8,5,491,2508,2999
365,2011-12-31,1,0,12,0,6,0,1,52.8,52.27457675,61.3,9,665,1820,2485
366,2012-01-01,1,1,1,0,0,0,1,50.3,49.54728303,66,9.3,686,1608,2294
367,2012-01-02,1,1,1,1,1,0,1,39.4,42.63861928,39.5,13.8,244,1707,1951
368,2012-01-03,1,1,1,0,2,1,1,28.8,34.21104732,42.6,16.2,89,2147,2236
369,2012-01-04,1,1,1,0,3,1,2,27.1,24.41195941,43.2,7.7,95,2273,2368
370,2012-01-05,1,1,1,0,4,1,1,39.8,38.00178656,54.6,4.8,140,3132,3272
371,2012-01-06,1,1,1,0,5,1,1,46.4,45.56818263,53.8,7.3,307,3791,4098
372,2012-01-07,1,1,1,0,6,0,1,51.1,51.4339724,52.4,7.6,1070,3451,4521
373,2012-01-08,1,1,1,0,0,0,1,45.3,44.93281569,48.1,8.2,599,2826,3425
374,2012-01-09,1,1,1,0,1,1,2,35.5,32.15597485,79.2,3.5,106,2270,2376
375,2012-01-10,1,1,1,0,2,1,1,39.5,38.24497375,76,7.1,173,3425,3598
376,2012-01-11,1,1,1,0,3,1,2,41.4,40.13320722,86.7,5.9,92,2085,2177
377,2012-01-12,1,1,1,0,4,1,2,48.7,48.77165927,82.2,7.6,269,3828,4097
378,2012-01-13,1,1,1,0,5,1,1,39.6,43.53916475,52.3,15.4,174,3040,3214
379,2012-01-14,1,1,1,0,6,0,1,32.1,31.55876714,46.2,8.8,333,2160,2493
380,2012-01-15,1,1,1,0,0,0,1,30.7,31.65770704,42.4,9.8,284,2027,2311
381,2012-01-16,1,1,1,1,1,0,1,34,33.88177045,54.9,10.5,217,2081,2298
382,2012-01-17,1,1,1,0,2,1,2,50.6,51.81750147,72.5,14.1,127,2808,2935
383,2012-01-18,1,1,1,0,3,1,1,40.8,44.96205832,44.2,16.5,109,3267,3376
384,2012-01-19,1,1,1,0,4,1,1,34.1,34.09318136,49.9,9.7,130,3162,3292
385,2012-01-20,1,1,1,0,5,1,2,33.2,32.6804189,54.1,8.2,115,3048,3163
386,2012-01-21,1,1,1,0,6,0,2,31.1,30.82576869,85.2,8.2,67,1234,1301
387,2012-01-22,1,1,1,0,0,0,2,30.6,30.64714946,79.7,7.8,196,1781,1977
388,2012-01-23,1,1,1,0,1,1,2,36.4,32.69722124,92.8,5.7,145,2287,2432
389,2012-01-24,1,1,1,0,2,1,1,46.3,45.42362249,82.6,4.6,439,3900,4339
390,2012-01-25,1,1,1,0,3,1,1,42.2,42.10638794,64.5,6.3,467,3803,4270
391,2012-01-26,1,1,1,0,4,1,2,47,45.10138745,79,4,244,3831,4075
392,2012-01-27,1,1,1,0,5,1,2,55.2,56.47799741,81.5,12.6,269,3187,3456
393,2012-01-28,1,1,1,0,6,0,1,44.3,42.86857273,52.6,9.3,775,3248,4023
394,2012-01-29,1,1,1,0,0,0,1,41.2,42.67731491,32.8,10.5,558,2685,3243
395,2012-01-30,1,1,1,0,1,1,1,40.2,41.20138372,40.7,9,126,3498,3624
396,2012-01-31,1,1,1,0,2,1,1,52,53.18409617,40.7,11.1,324,4185,4509
397,2012-02-01,1,1,2,0,3,1,1,58.2,58.52796428,52.2,7.5,304,4275,4579
398,2012-02-02,1,1,2,0,4,1,2,50.9,50.92500533,70.5,8.2,190,3571,3761
399,2012-02-03,1,1,2,0,5,1,1,43.4,43.95936007,54.1,7.2,310,3841,4151
400,2012-02-04,1,1,2,0,6,0,2,39.3,38.06678192,80.2,5.3,384,2448,2832
401,2012-02-05,1,1,2,0,0,0,2,39.9,40.09790036,67.7,7.4,318,2629,2947
402,2012-02-06,1,1,2,0,1,1,1,41.6,39.66094202,62.5,7.1,206,3578,3784
403,2012-02-07,1,1,2,0,2,1,1,47.5,46.58749972,49.3,6.5,199,4176,4375
404,2012-02-08,1,1,2,0,3,1,2,38.6,37.1868066,76.7,6,109,2693,2802
405,2012-02-09,1,1,2,0,4,1,1,39.8,40.25756905,56,8.2,163,3667,3830
406,2012-02-10,1,1,2,0,5,1,2,41.1,39.31841851,55.5,4.9,227,3604,3831
407,2012-02-11,1,1,2,0,6,0,3,35.7,37.95170368,76.9,12.8,192,1977,2169
408,2012-02-12,1,1,2,0,0,0,1,26.9,33.73812194,49.6,17.4,73,1456,1529
409,2012-02-13,1,1,2,0,1,1,1,36.9,36.02361427,42.4,6.3,94,3328,3422
410,2012-02-14,1,1,2,0,2,1,2,45.7,43.67751642,49.8,6.4,135,3787,3922
411,2012-02-15,1,1,2,0,3,1,1,46.9,46.46038211,55.2,8,141,4028,4169
412,2012-02-16,1,1,2,0,4,1,2,44.3,42.48928738,76.9,3.6,74,2931,3005
413,2012-02-17,1,1,2,0,5,1,1,44.4,43.35246865,74.6,7,349,3805,4154
414,2012-02-18,1,1,2,0,6,0,1,47,45.84187663,52.7,8.9,1435,2883,4318
415,2012-02-19,1,1,2,0,0,0,2,39.8,41.92815327,59.9,8.7,618,2071,2689
416,2012-02-20,1,1,2,1,1,0,1,41.3,42.29839314,49.4,9.3,502,2627,3129
417,2012-02-21,1,1,2,0,2,1,1,41.8,40.76786451,61.3,8.7,163,3614,3777
418,2012-02-22,1,1,2,0,3,1,1,52.4,52.82249132,55.7,10,394,4379,4773
419,2012-02-23,1,1,2,0,4,1,1,57,58.24671389,55.1,7.7,516,4546,5062
420,2012-02-24,1,1,2,0,5,1,2,53.1,52.65152529,79.8,9.1,246,3241,3487
421,2012-02-25,1,1,2,0,6,0,1,40.6,46.18292676,43.7,17.8,317,2415,2732
422,2012-02-26,1,1,2,0,0,0,1,41.3,42.97149955,43.1,8.5,515,2874,3389
423,2012-02-27,1,1,2,0,1,1,1,49.8,51.0121876,48.6,11.2,253,4069,4322
424,2012-02-28,1,1,2,0,2,1,1,47.7,48.46125705,39.1,8.3,229,4134,4363
425,2012-02-29,1,1,2,0,3,1,2,48.4,47.82748357,86.6,9.1,65,1769,1834
426,2012-03-01,1,1,3,0,4,1,1,57.3,58.56106262,71.8,8.2,325,4665,4990
427,2012-03-02,1,1,3,0,5,1,2,47.9,47.03356112,74.5,5.7,246,2948,3194
428,2012-03-03,1,1,3,0,6,0,2,51.7,51.78439704,69.6,6.6,956,3110,4066
429,2012-03-04,1,1,3,0,0,0,1,44,47.31240409,41.3,13.7,710,2713,3423
430,2012-03-05,1,1,3,0,1,1,1,38,38.34065456,51,10.8,203,3130,3333
431,2012-03-06,1,1,3,0,2,1,1,39.5,40.0096984,48.2,8.8,221,3735,3956
432,2012-03-07,1,1,3,0,3,1,1,53.4,56.04393093,51.4,14.7,432,4484,4916
433,2012-03-08,1,1,3,0,4,1,1,64.2,64.55440675,56,18.9,486,4896,5382
434,2012-03-09,1,1,3,0,5,1,2,51.6,53.38678009,40.8,16.9,447,4122,4569
435,2012-03-10,1,1,3,0,6,0,1,41.2,42.64365457,36.8,9,968,3150,4118
436,2012-03-11,1,1,3,0,0,0,1,48.8,49.08072177,48.7,9.8,1658,3253,4911
437,2012-03-12,1,1,3,0,1,1,1,58.5,59.40055419,48.7,8.5,838,4460,5298
438,2012-03-13,1,1,3,0,2,1,1,66.7,69.41147001,61,9.7,762,5085,5847
439,2012-03-14,1,1,3,0,3,1,1,67.2,70.12542448,50.3,5,997,5315,6312
440,2012-03-15,1,1,3,0,4,1,1,65.5,68.53328954,59,6.5,1005,5187,6192
441,2012-03-16,1,1,3,0,5,1,2,55,54.9500721,84.5,4.7,548,3830,4378
442,2012-03-17,1,1,3,0,6,0,2,60.5,61.59261434,78.7,4,3155,4681,7836
443,2012-03-18,1,1,3,0,0,0,2,58.2,59.26616379,80.8,5.3,2207,3685,5892
444,2012-03-19,1,1,3,0,1,1,1,65.3,66.79260014,71.9,6.8,982,5171,6153
445,2012-03-20,1,1,3,0,2,1,1,66,68.73298015,82.4,5.4,1051,5042,6093
446,2012-03-21,2,1,3,0,3,1,2,62.8,65.05244458,84.8,4.7,1122,5108,6230
447,2012-03-22,2,1,3,0,4,1,1,63.4,66.09550217,88,4.2,1334,5537,6871
448,2012-03-23,2,1,3,0,5,1,2,69.6,73.45807282,69.8,5.2,2469,5893,8362
449,2012-03-24,2,1,3,0,6,0,2,60.6,62.56304791,91.3,8.5,1033,2339,3372
450,2012-03-25,2,1,3,0,0,0,2,55.2,55.2015141,88.8,9.3,1532,3464,4996
451,2012-03-26,2,1,3,0,1,1,1,55.3,56.19274051,45.6,16.6,795,4763,5558
452,2012-03-27,2,1,3,0,2,1,1,45,46.09472714,30.4,7.9,531,4571,5102
453,2012-03-28,2,1,3,0,3,1,1,60.9,62.60913112,49.3,12.1,674,5024,5698
454,2012-03-29,2,1,3,0,4,1,1,59.6,61.06595259,43.2,13.6,834,5299,6133
455,2012-03-30,2,1,3,0,5,1,2,49,48.26673695,59.6,5.6,796,4663,5459
456,2012-03-31,2,1,3,0,6,0,2,53.8,54.11371043,74.4,10.1,2301,3934,6235
457,2012-04-01,2,1,4,0,0,0,2,54.2,55.3100111,68.7,6.6,2347,3694,6041
458,2012-04-02,2,1,4,0,1,1,1,54.8,55.62037271,54.2,12,1208,4728,5936
459,2012-04-03,2,1,4,0,2,1,1,58.2,58.85378096,39.7,4.2,1348,5424,6772
460,2012-04-04,2,1,4,0,3,1,1,64.9,65.89968751,45.6,7.7,1058,5378,6436
461,2012-04-05,2,1,4,0,4,1,1,54.6,55.08589559,38.4,8.7,1192,5265,6457
462,2012-04-06,2,1,4,0,5,1,1,52.2,53.8786095,37.1,13.2,1807,4653,6460
463,2012-04-07,2,1,4,0,6,0,1,55.7,57.18632151,25.3,11.4,3252,3605,6857
464,2012-04-08,2,1,4,0,0,0,1,60.9,61.83682794,28.2,9.7,2230,2939,5169
465,2012-04-09,2,1,4,0,1,1,1,59.7,61.26928592,32.3,14.9,905,4680,5585
466,2012-04-10,2,1,4,0,2,1,1,55.9,57.23703915,42.6,10.8,819,5099,5918
467,2012-04-11,2,1,4,0,3,1,1,47.1,48.69507166,48.2,12.2,482,4380,4862
468,2012-04-12,2,1,4,0,4,1,1,52.3,53.6352824,44.7,12.1,663,4746,5409
469,2012-04-13,2,1,4,0,5,1,1,55.7,57.07918797,41.9,6.6,1252,5146,6398
470,2012-04-14,2,1,4,0,6,0,1,61,61.87550718,50.3,8.2,2795,4665,7460
471,2012-04-15,2,1,4,0,0,0,1,70.8,74.84560854,50.7,9.7,2846,4286,7132
472,2012-04-16,2,1,4,1,1,0,1,75.7,81.76190901,56.3,11.5,1198,5172,6370
473,2012-04-17,2,1,4,0,2,1,1,69.9,71.04995881,38,11.6,989,5702,6691
474,2012-04-18,2,1,4,0,3,1,2,56.5,57.27820116,61.7,6.4,347,4020,4367
475,2012-04-19,2,1,4,0,4,1,1,60.3,60.94660518,62.4,3.5,846,5719,6565
476,2012-04-20,2,1,4,0,5,1,1,63.6,64.94308797,68.1,6.7,1340,5950,7290
477,2012-04-21,2,1,4,0,6,0,1,67,70.34172559,69.5,13,2541,4083,6624
478,2012-04-22,2,1,4,0,0,0,3,49.8,50.71582474,85.4,16.8,120,907,1027
479,2012-04-23,2,1,4,0,1,1,2,44.7,47.74932304,77.3,12.8,195,3019,3214
480,2012-04-24,2,1,4,0,2,1,1,52.9,53.95073492,45.7,10.1,518,5115,5633
481,2012-04-25,2,1,4,0,3,1,1,58.7,59.49253993,44.5,5.3,655,5541,6196
482,2012-04-26,2,1,4,0,4,1,2,60.8,62.65449034,77.8,8.3,475,4551,5026
483,2012-04-27,2,1,4,0,5,1,1,56.5,57.10701953,39.2,14,1014,5219,6233
484,2012-04-28,2,1,4,0,6,0,2,50,49.88914025,50.1,5.3,1120,3100,4220
485,2012-04-29,2,1,4,0,0,0,1,55.1,56.10524348,65.4,4.3,2229,4075,6304
486,2012-04-30,2,1,4,0,1,1,2,57.1,57.90729152,55.5,6.7,665,4907,5572
487,2012-05-01,2,1,5,0,2,1,2,70.1,74.51140132,68.8,6.6,653,5087,5740
488,2012-05-02,2,1,5,0,3,1,1,65.8,69.01369149,81.2,6.8,667,5502,6169
489,2012-05-03,2,1,5,0,4,1,2,64.8,67.54497973,78.8,6,764,5657,6421
490,2012-05-04,2,1,5,0,5,1,1,73.5,78.05030148,71.1,7.7,1069,5227,6296
491,2012-05-05,2,1,5,0,6,0,2,71.6,76.1388096,74.7,7.1,2496,4387,6883
492,2012-05-06,2,1,5,0,0,0,2,65.6,67.49131667,75.4,6.6,2135,4224,6359
493,2012-05-07,2,1,5,0,1,1,2,62.8,64.03397946,70,9.3,1008,5265,6273
494,2012-05-08,2,1,5,0,2,1,2,68.2,71.16009514,70.2,12.3,738,4990,5728
495,2012-05-09,2,1,5,0,3,1,2,66.9,69.55833823,76.8,9.3,620,4097,4717
496,2012-05-10,2,1,5,0,4,1,1,61.3,63.05131105,54.1,13.1,1026,5546,6572
497,2012-05-11,2,1,5,0,5,1,1,64,65.53600098,35.8,9.9,1319,5711,7030
498,2012-05-12,2,1,5,0,6,0,1,66.8,69.17250306,48.5,5.1,2622,4807,7429
499,2012-05-13,2,1,5,0,0,0,1,71,74.3073758,57.1,9.5,2172,3946,6118
500,2012-05-14,2,1,5,0,1,1,2,66.4,69.22951664,81.5,8.7,342,2501,2843
501,2012-05-15,2,1,5,0,2,1,2,69.8,74.07019486,83.1,5.5,625,4490,5115
502,2012-05-16,2,1,5,0,3,1,1,73.3,78.30477973,68.3,6,991,6433,7424
503,2012-05-17,2,1,5,0,4,1,1,69,71.49676483,50.9,9.5,1242,6142,7384
504,2012-05-18,2,1,5,0,5,1,1,66.6,68.17653873,51.8,6,1521,6118,7639
505,2012-05-19,2,1,5,0,6,0,1,70,74.0860951,45.8,3.5,3410,4884,8294
506,2012-05-20,2,1,5,0,0,0,1,71.4,75.90750197,56.8,11,2704,4425,7129
507,2012-05-21,2,1,5,0,1,1,2,69.9,73.93656816,80.9,9.3,630,3729,4359
508,2012-05-22,2,1,5,0,2,1,2,70.1,74.22459433,78.8,5.1,819,5254,6073
509,2012-05-23,2,1,5,0,3,1,2,72.8,77.41434935,75.1,5.4,766,4494,5260
510,2012-05-24,2,1,5,0,4,1,1,73.3,79.13548706,76.5,6.7,1059,5711,6770
511,2012-05-25,2,1,5,0,5,1,1,76.2,82.57148275,76.7,5.9,1417,5317,6734
512,2012-05-26,2,1,5,0,6,0,1,77.1,83.07465738,74.9,8.1,2855,3681,6536
513,2012-05-27,2,1,5,0,0,0,1,77.6,83.47663406,70.8,8.7,3283,3308,6591
514,2012-05-28,2,1,5,1,1,0,1,80.3,84.22456941,67.4,8.3,2557,3486,6043
515,2012-05-29,2,1,5,0,2,1,1,79.4,85.24098355,70.2,12.6,880,4863,5743
516,2012-05-30,2,1,5,0,3,1,2,75.4,81.01839677,66.2,5.8,745,6110,6855
517,2012-05-31,2,1,5,0,4,1,1,77.4,83.36699249,47.5,7.8,1100,6238,7338
518,2012-06-01,2,1,6,0,5,1,2,73.6,79.19358644,79,9.5,533,3594,4127
519,2012-06-02,2,1,6,0,6,0,1,68.2,70.25278763,55,8.2,2795,5325,8120
520,2012-06-03,2,1,6,0,0,0,1,70.1,73.43562272,49.1,7.6,2494,5147,7641
521,2012-06-04,2,1,6,0,1,1,1,69.6,71.91288694,49.1,12.6,1071,5927,6998
522,2012-06-05,2,1,6,0,2,1,2,63.2,64.99556107,66.4,9.6,968,6033,7001
523,2012-06-06,2,1,6,0,3,1,1,65.8,67.24087503,61.5,3.6,1027,6028,7055
524,2012-06-07,2,1,6,0,4,1,1,71.2,75.33339655,53.5,7.7,1038,6456,7494
525,2012-06-08,2,1,6,0,5,1,1,74.5,80.89315176,46.4,7.2,1488,6248,7736
526,2012-06-09,2,1,6,0,6,0,1,80.2,87.92675537,43.6,6.5,2708,4790,7498
527,2012-06-10,2,1,6,0,0,0,1,81.3,89.03769926,53.5,5.7,2224,4374,6598
528,2012-06-11,2,1,6,0,1,1,2,80.5,87.95696438,58.4,9,1017,5647,6664
529,2012-06-12,2,1,6,0,2,1,2,74.9,81.84761313,85.7,8.9,477,4495,4972
530,2012-06-13,2,1,6,0,3,1,1,74.5,79.95123438,58.1,14.8,1173,6248,7421
531,2012-06-14,2,1,6,0,4,1,1,73.8,76.63081058,57.3,10.3,1180,6183,7363
532,2012-06-15,2,1,6,0,5,1,1,73.2,78.01035825,58,7.3,1563,6102,7665
533,2012-06-16,2,1,6,0,6,0,1,72.7,77.21804802,49.8,7,2963,4739,7702
534,2012-06-17,2,1,6,0,0,0,1,69.2,71.68320294,60.5,6.3,2634,4344,6978
535,2012-06-18,2,1,6,0,1,1,2,66.1,68.94991814,78.9,7.2,653,4446,5099
536,2012-06-19,2,1,6,0,2,1,1,76.9,80.85146557,70.6,6.1,968,5857,6825
537,2012-06-20,2,1,6,0,3,1,1,86.4,93.77301571,58.6,4.7,872,5339,6211
538,2012-06-21,3,1,6,0,4,1,1,88.3,94.55293379,56.8,5.1,778,5127,5905
539,2012-06-22,3,1,6,0,5,1,1,84.7,90.94370968,58.3,8.6,964,4859,5823
540,2012-06-23,3,1,6,0,6,0,1,81.9,91.79574397,51.7,7.5,2657,4801,7458
541,2012-06-24,3,1,6,0,0,0,1,82.7,91.17282078,48.2,6.3,2551,4340,6891
542,2012-06-25,3,1,6,0,1,1,1,80.3,87.88638941,49.5,12.7,1139,5640,6779
543,2012-06-26,3,1,6,0,2,1,1,72.5,76.90446424,37.3,14.3,1077,6365,7442
544,2012-06-27,3,1,6,0,3,1,1,78.6,85.55584339,36.6,11.3,1077,6258,7335
545,2012-06-28,3,1,6,0,4,1,1,83.5,92.60449037,42.1,7,921,5958,6879
546,2012-06-29,3,1,6,0,5,1,1,87.8,93.1078721,56.5,10.4,829,4634,5463
547,2012-06-30,3,1,6,0,6,0,1,84.9,94.46944617,59.5,5.2,1455,4232,5687
548,2012-07-01,3,1,7,0,0,0,1,88.8,96.51368439,52.5,7.1,1421,4110,5531
549,2012-07-02,3,1,7,0,1,1,1,85.9,95.64324908,46.7,8.2,904,5323,6227
550,2012-07-03,3,1,7,0,2,1,1,85.4,94.90235281,51.7,6.5,1052,5608,6660
551,2012-07-04,3,1,7,1,3,0,1,87.6,94.39783761,53.3,6.7,2562,4841,7403
552,2012-07-05,3,1,7,0,4,1,1,90.3,98.14353656,45.8,8.2,1405,4836,6241
553,2012-07-06,3,1,7,0,5,1,1,90.3,99.39560112,44.1,6.3,1366,4841,6207
554,2012-07-07,3,1,7,0,6,0,1,93.2,99.77148387,49.6,7,1448,3392,4840
555,2012-07-08,3,1,7,0,0,0,1,89.2,92.82309121,58.8,6.2,1203,3469,4672
556,2012-07-09,3,1,7,0,1,1,2,79.2,86.0754213,72.4,7.7,998,5571,6569
557,2012-07-10,3,1,7,0,2,1,2,78.7,85.33378224,70.8,9.2,954,5336,6290
558,2012-07-11,3,1,7,0,3,1,1,80.3,88.49904132,62.1,6.3,975,6289,7264
559,2012-07-12,3,1,7,0,4,1,1,80.2,87.69099946,52.7,6,1032,6414,7446
560,2012-07-13,3,1,7,0,5,1,2,81.6,89.38625162,48.5,3.7,1511,5988,7499
561,2012-07-14,3,1,7,0,6,0,2,79.3,83.73992466,70.1,5.6,2355,4614,6969
562,2012-07-15,3,1,7,0,0,0,1,83.2,87.9944095,70.5,7.3,1920,4111,6031
563,2012-07-16,3,1,7,0,1,1,1,86,90.65649991,59.8,7.9,1088,5742,6830
564,2012-07-17,3,1,7,0,2,1,1,89.4,96.81171894,50,5.6,921,5865,6786
565,2012-07-18,3,1,7,0,3,1,1,87.7,93.31664496,56.4,8.4,799,4914,5713
566,2012-07-19,3,1,7,0,4,1,1,83.3,89.75263139,65.6,10.4,888,5703,6591
567,2012-07-20,3,1,7,0,5,1,2,76,82.54689124,84,9.1,747,5123,5870
568,2012-07-21,3,1,7,0,6,0,3,69.5,75.30367313,87.6,8.7,1264,3195,4459
569,2012-07-22,3,1,7,0,0,0,2,74.8,80.12678034,78.1,3.7,2544,4866,7410
570,2012-07-23,3,1,7,0,1,1,1,81.7,87.81550875,71.4,6,1135,5831,6966
571,2012-07-24,3,1,7,0,2,1,1,83.3,88.53335537,64.3,9.2,1140,6452,7592
572,2012-07-25,3,1,7,0,3,1,1,80.7,89.35084397,44.7,7.6,1383,6790,8173
573,2012-07-26,3,1,7,0,4,1,1,85.5,89.82598683,60.2,11.1,1036,5825,6861
574,2012-07-27,3,1,7,0,5,1,1,85.8,91.34496831,59.7,6.7,1259,5645,6904
575,2012-07-28,3,1,7,0,6,0,1,84,91.01147929,59.9,9.1,2234,4451,6685
576,2012-07-29,3,1,7,0,0,0,1,80.8,87.30021364,61.8,7.5,2153,4444,6597
577,2012-07-30,3,1,7,0,1,1,1,81.1,86.5280017,67.3,6.6,1040,6065,7105
578,2012-07-31,3,1,7,0,2,1,1,80.9,87.05534458,67.5,7.2,968,6248,7216
579,2012-08-01,3,1,8,0,3,1,1,80.5,86.55485923,67.6,6.3,1074,6506,7580
580,2012-08-02,3,1,8,0,4,1,1,84.1,89.50123606,64.2,5.5,983,6278,7261
581,2012-08-03,3,1,8,0,5,1,2,84.7,89.7344257,63.7,8.9,1328,5847,7175
582,2012-08-04,3,1,8,0,6,0,1,86.9,91.7658272,61.8,10.6,2345,4479,6824
583,2012-08-05,3,1,8,0,0,0,1,84.9,89.3231488,64.3,12.3,1707,3757,5464
584,2012-08-06,3,1,8,0,1,1,2,83.3,88.25568887,65.4,6.2,1233,5780,7013
585,2012-08-07,3,1,8,0,2,1,2,81.8,86.28057269,70.2,5,1278,5995,7273
586,2012-08-08,3,1,8,0,3,1,2,83.3,88.27681121,66.6,4.7,1263,6271,7534
587,2012-08-09,3,1,8,0,4,1,1,84.5,91.30401439,59.9,7.8,1196,6090,7286
588,2012-08-10,3,1,8,0,5,1,2,78.8,84.44990793,74.9,9.5,1065,4721,5786
589,2012-08-11,3,1,8,0,6,0,2,78.3,84.9530839,74,9.1,2247,4052,6299
590,2012-08-12,3,1,8,0,0,0,1,78.8,85.67707046,53.9,5.2,2182,4362,6544
591,2012-08-13,3,1,8,0,1,1,1,80.6,87.72939054,54.7,5.7,1207,5676,6883
592,2012-08-14,3,1,8,0,2,1,1,80.5,86.43396663,69.5,6.6,1128,5656,6784
593,2012-08-15,3,1,8,0,3,1,1,79.5,85.89732156,61.7,7.3,1198,6149,7347
594,2012-08-16,3,1,8,0,4,1,1,80.7,88.64799248,51.1,6.4,1338,6267,7605
595,2012-08-17,3,1,8,0,5,1,1,80.5,87.8354,58.5,9.6,1483,5665,7148
596,2012-08-18,3,1,8,0,6,0,1,76.3,83.73925957,63.5,7.4,2827,5038,7865
597,2012-08-19,3,1,8,0,0,0,2,73,76.90415274,72.5,3.6,1208,3341,4549
598,2012-08-20,3,1,8,0,1,1,2,72.8,77.66980789,74.4,5.4,1026,5504,6530
599,2012-08-21,3,1,8,0,2,1,1,73.8,79.71136741,67.8,4.1,1081,5925,7006
600,2012-08-22,3,1,8,0,3,1,1,76.1,81.68597452,66.3,5.1,1094,6281,7375
601,2012-08-23,3,1,8,0,4,1,1,78.5,85.74914365,63.6,3.3,1363,6402,7765
602,2012-08-24,3,1,8,0,5,1,2,79.2,85.98052851,61.1,3,1325,6257,7582
603,2012-08-25,3,1,8,0,6,0,2,75.7,80.95767857,70.7,10.4,1829,4224,6053
604,2012-08-26,3,1,8,0,0,0,2,74.3,81.44793237,84.8,9.4,1483,3772,5255
605,2012-08-27,3,1,8,0,1,1,1,77.8,83.58073983,75.8,4.6,989,5928,6917
606,2012-08-28,3,1,8,0,2,1,1,80.9,88.46503971,63.5,7.9,935,6105,7040
607,2012-08-29,3,1,8,0,3,1,1,77.4,83.39821906,55.3,4.8,1177,6520,7697
608,2012-08-30,3,1,8,0,4,1,1,79,85.52158234,59.5,3.4,1172,6541,7713
609,2012-08-31,3,1,8,0,5,1,1,84.8,93.99675312,57.7,7.2,1433,5917,7350
610,2012-09-01,3,1,9,0,6,0,2,82.1,88.02147188,67.3,6.1,2352,3788,6140
611,2012-09-02,3,1,9,0,0,0,2,78.8,84.58761109,80.2,2.9,2613,3197,5810
612,2012-09-03,3,1,9,1,1,0,1,79.7,85.22563249,78.4,6.3,1965,4069,6034
613,2012-09-04,3,1,9,0,2,1,1,80.5,85.06416839,77.1,9,867,5997,6864
614,2012-09-05,3,1,9,0,3,1,1,81.9,85.09798867,74,8.5,832,6280,7112
615,2012-09-06,3,1,9,0,4,1,2,78.5,83.45176163,81.2,6,611,5592,6203
616,2012-09-07,3,1,9,0,5,1,1,79.4,84.97306803,72.1,7.2,1045,6459,7504
617,2012-09-08,3,1,9,0,6,0,2,75.3,81.22004497,80.3,13.7,1557,4419,5976
618,2012-09-09,3,1,9,0,0,0,1,70.7,74.49496912,55.3,9.3,2570,5657,8227
619,2012-09-10,3,1,9,0,1,1,1,68.2,70.33152881,50.2,11,1118,6407,7525
620,2012-09-11,3,1,9,0,2,1,1,67.8,70.6387608,51.8,4.3,1070,6697,7767
621,2012-09-12,3,1,9,0,3,1,1,69.5,73.04671578,58.1,5.5,1050,6820,7870
622,2012-09-13,3,1,9,0,4,1,1,71,75.0356306,63.2,3.7,1054,6750,7804
623,2012-09-14,3,1,9,0,5,1,1,72.9,77.71637246,66.9,4.6,1379,6630,8009
624,2012-09-15,3,1,9,0,6,0,1,70.8,73.51493837,49.8,10.3,3160,5554,8714
625,2012-09-16,3,1,9,0,0,0,1,67.9,69.93473918,56.7,4.2,2166,5167,7333
626,2012-09-17,3,1,9,0,1,1,2,69.3,72.78135232,73.4,7,1022,5847,6869
627,2012-09-18,3,1,9,0,2,1,2,72.1,79.53447874,86.7,15.2,371,3702,4073
628,2012-09-19,3,1,9,0,3,1,1,65.5,66.96610314,53.5,9.2,788,6803,7591
629,2012-09-20,3,1,9,0,4,1,1,65.1,66.87064387,61.8,5.1,939,6781,7720
630,2012-09-21,3,1,9,0,5,1,1,69.5,72.80457663,67.1,6.3,1250,6917,8167
631,2012-09-22,3,1,9,0,6,0,1,75.4,80.28003826,62,12,2512,5883,8395
632,2012-09-23,4,1,9,0,0,0,1,63.2,64.4463821,46.8,9.3,2454,5453,7907
633,2012-09-24,4,1,9,0,1,1,1,62,63.43786927,49.4,6.8,1001,6435,7436
634,2012-09-25,4,1,9,0,2,1,1,65.2,65.89743448,57.3,9.9,845,6693,7538
635,2012-09-26,4,1,9,0,3,1,1,73.4,78.12266913,63.1,10.6,787,6946,7733
636,2012-09-27,4,1,9,0,4,1,2,73.9,79.0081829,69.9,6,751,6642,7393
637,2012-09-28,4,1,9,0,5,1,2,71.4,75.45880829,68.6,6.7,1045,6370,7415
638,2012-09-29,4,1,9,0,6,0,1,64.3,65.77977205,55.6,9.1,2589,5966,8555
639,2012-09-30,4,1,9,0,0,0,1,63.2,64.29927269,57.9,6.5,2015,4874,6889
640,2012-10-01,4,1,10,0,1,1,2,62.7,63.78169746,65.1,3.9,763,6015,6778
641,2012-10-02,4,1,10,0,2,1,3,69.6,75.82422017,89.5,4.7,315,4324,4639
642,2012-10-03,4,1,10,0,3,1,2,74,81.20901369,83,2.9,728,6844,7572
643,2012-10-04,4,1,10,0,4,1,2,74.7,80.78498294,73.3,5,891,6437,7328
644,2012-10-05,4,1,10,0,5,1,1,71.3,75.57821875,62.5,4.6,1516,6640,8156
645,2012-10-06,4,1,10,0,6,0,1,65.6,67.50591936,66.1,11.1,3031,4934,7965
646,2012-10-07,4,1,10,0,0,0,2,52.9,52.39848623,73.2,6.3,781,2729,3510
647,2012-10-08,4,1,10,1,1,0,2,50.1,49.54743788,71.8,7.9,874,4604,5478
648,2012-10-09,4,1,10,0,2,1,2,55,56.07398336,77.1,8.1,601,5791,6392
649,2012-10-10,4,1,10,0,3,1,1,60.8,62.13226803,69.6,6.5,780,6911,7691
650,2012-10-11,4,1,10,0,4,1,1,55.2,55.69071845,45.6,8.1,834,6736,7570
651,2012-10-12,4,1,10,0,5,1,1,55.3,55.86555091,54,9.8,1060,6222,7282
652,2012-10-13,4,1,10,0,6,0,1,51,51.25239655,50,6.8,2252,4857,7109
653,2012-10-14,4,1,10,0,0,0,1,62.9,64.56630467,63.6,11.5,2080,4559,6639
654,2012-10-15,4,1,10,0,1,1,2,67,69.79818047,71.6,11.7,760,5115,5875
655,2012-10-16,4,1,10,0,2,1,1,57.9,58.84065545,55.8,7.5,922,6612,7534
656,2012-10-17,4,1,10,0,3,1,1,57.2,57.9275365,68.3,4.2,979,6482,7461
657,2012-10-18,4,1,10,0,4,1,2,62.5,63.70397464,72.8,9.8,1008,6501,7509
658,2012-10-19,4,1,10,0,5,1,2,66.7,69.85423037,82.1,5.8,753,4671,5424
659,2012-10-20,4,1,10,0,6,0,1,59.5,60.92507962,57.2,5.5,2806,5284,8090
660,2012-10-21,4,1,10,0,0,0,1,57.6,58.57651289,51.1,6.9,2132,4692,6824
661,2012-10-22,4,1,10,0,1,1,1,60.1,60.66722298,55.3,3.7,830,6228,7058
662,2012-10-23,4,1,10,0,2,1,1,65.7,67.41750373,62.9,3.8,841,6625,7466
663,2012-10-24,4,1,10,0,3,1,1,68.8,72.3437995,63.4,3,795,6898,7693
664,2012-10-25,4,1,10,0,4,1,2,64.8,67.28489224,81.4,5.8,875,6484,7359
665,2012-10-26,4,1,10,0,5,1,2,64.8,67.66136471,81.4,5.8,1182,6262,7444
666,2012-10-27,4,1,10,0,6,0,2,63.2,65.0239841,72.2,9.9,2643,5209,7852
667,2012-10-28,4,1,10,0,0,0,2,58.5,59.71672036,69.3,16.8,998,3461,4459
668,2012-10-29,4,1,10,0,1,1,3,51,51.06964042,84.5,25.1,2,20,22
669,2012-10-30,4,1,10,0,2,1,2,43.3,44.4558906,85.6,13.2,87,1009,1096
670,2012-10-31,4,1,10,0,3,1,2,47.9,47.42245915,68.7,6.8,419,5147,5566
671,2012-11-01,4,1,11,0,4,1,2,48.8,48.25797125,57.8,6.4,466,5520,5986
672,2012-11-02,4,1,11,0,5,1,1,47.8,47.66010752,52.2,11.5,618,5229,5847
673,2012-11-03,4,1,11,0,6,0,2,46.7,49.51011005,50,11.4,1029,4109,5138
674,2012-11-04,4,1,11,0,0,0,1,44.9,44.39518872,54.1,7.7,1201,3906,5107
675,2012-11-05,4,1,11,0,1,1,1,44.3,45.89498693,49.6,9.7,378,4881,5259
676,2012-11-06,4,1,11,0,2,1,1,41.2,41.09259821,57.3,7.5,466,5220,5686
677,2012-11-07,4,1,11,0,3,1,2,42.2,45.4595701,55.7,12.7,326,4709,5035
678,2012-11-08,4,1,11,0,4,1,1,47.2,48.61962672,34.6,14.9,340,4975,5315
679,2012-11-09,4,1,11,0,5,1,1,48.3,49.14990757,55.8,8.6,709,5283,5992
680,2012-11-10,4,1,11,0,6,0,1,50.9,50.28367556,64.9,2.4,2090,4446,6536
681,2012-11-11,4,1,11,0,0,0,1,54,53.88731673,66,5.4,2290,4562,6852
682,2012-11-12,4,1,11,1,1,0,1,60,61.21380024,74.3,7.7,1097,5172,6269
683,2012-11-13,4,1,11,0,2,1,2,46.1,48.96790564,69.9,14.3,327,3767,4094
684,2012-11-14,4,1,11,0,3,1,1,41.8,42.92886707,56,8.1,373,5122,5495
685,2012-11-15,4,1,11,0,4,1,2,44.8,44.40997498,61.9,6.4,320,5125,5445
686,2012-11-16,4,1,11,0,5,1,1,46.7,46.40355526,52.7,7.2,484,5214,5698
687,2012-11-17,4,1,11,0,6,0,1,45.2,45.00847164,54.9,7.5,1313,4316,5629
688,2012-11-18,4,1,11,0,0,0,1,46.8,47.45874118,69.7,9.6,922,3747,4669
689,2012-11-19,4,1,11,0,1,1,2,49.9,50.59239686,62.9,9.4,449,5050,5499
690,2012-11-20,4,1,11,0,2,1,2,49.4,48.5564806,69.2,3.4,534,5100,5634
691,2012-11-21,4,1,11,0,3,1,1,47.6,46.09213356,61.3,4.5,615,4531,5146
692,2012-11-22,4,1,11,1,4,0,1,46.3,44.92951757,58.4,2.2,955,1470,2425
693,2012-11-23,4,1,11,0,5,1,1,49.5,48.13488472,55.9,6.7,1603,2307,3910
694,2012-11-24,4,1,11,0,6,0,1,40.3,45.09419358,41.1,15.4,532,1745,2277
695,2012-11-25,4,1,11,0,0,0,1,37.7,35.98026306,48.8,6.1,309,2115,2424
696,2012-11-26,4,1,11,0,1,1,1,44.4,41.0378202,53.6,2.1,337,4750,5087
697,2012-11-27,4,1,11,0,2,1,2,41.9,43.4043689,80.1,10.3,123,3836,3959
698,2012-11-28,4,1,11,0,3,1,1,42.5,43.51277083,49.8,8.5,198,5062,5260
699,2012-11-29,4,1,11,0,4,1,1,40.6,38.21206882,57.5,4.6,243,5080,5323
700,2012-11-30,4,1,11,0,5,1,1,42.8,39.42560496,65.8,2.1,362,5306,5668
701,2012-12-01,4,1,12,0,6,0,2,42.3,39.82116319,81.9,3.3,951,4240,5191
702,2012-12-02,4,1,12,0,0,0,2,44.9,43.43653259,85,4.3,892,3757,4649
703,2012-12-03,4,1,12,0,1,1,1,56.5,56.09143125,76.8,3.4,555,5679,6234
704,2012-12-04,4,1,12,0,2,1,1,59,59.85269713,72.3,7.5,551,6055,6606
705,2012-12-05,4,1,12,0,3,1,1,54.5,55.81420264,48.8,13.5,331,5398,5729
706,2012-12-06,4,1,12,0,4,1,1,38.6,38.24554926,52.7,7.3,340,5035,5375
707,2012-12-07,4,1,12,0,5,1,2,45.5,45.34101187,77.2,5.8,349,4659,5008
708,2012-12-08,4,1,12,0,6,0,2,49.8,48.79749992,92.6,4.2,1153,4429,5582
709,2012-12-09,4,1,12,0,0,0,2,49.9,49.13528089,92,5.8,441,2787,3228
710,2012-12-10,4,1,12,0,1,1,2,54.8,54.83245916,94,7.2,329,4841,5170
711,2012-12-11,4,1,12,0,2,1,2,48.2,50.33248493,59.6,12.7,282,5219,5501
712,2012-12-12,4,1,12,0,3,1,2,42.6,42.62320995,54.2,7.2,310,5009,5319
713,2012-12-13,4,1,12,0,4,1,1,42.3,42.53652732,49.5,7,425,5107,5532
714,2012-12-14,4,1,12,0,5,1,1,41.3,39.541684,64.9,5.3,429,5182,5611
715,2012-12-15,4,1,12,0,6,0,1,45.2,43.30107718,64.3,4.4,767,4280,5047
716,2012-12-16,4,1,12,0,0,0,2,48.3,47.32887673,85.3,3.7,538,3248,3786
717,2012-12-17,4,1,12,0,1,1,2,51.6,50.55039303,91.8,5,212,4373,4585
718,2012-12-18,4,1,12,0,2,1,1,52.7,52.84470672,68.9,9.1,433,5124,5557
719,2012-12-19,4,1,12,0,3,1,1,45.9,44.60387185,62.6,7.9,333,4934,5267
720,2012-12-20,4,1,12,0,4,1,2,46.1,45.38254325,70.5,6.8,314,3814,4128
721,2012-12-21,1,1,12,0,5,1,2,47.1,50.98640905,60.9,16,221,3402,3623
722,2012-12-22,1,1,12,0,6,0,1,40,45.03487737,44.3,16.6,205,1544,1749
723,2012-12-23,1,1,12,0,0,0,1,38,36.00269009,53.4,5.1,408,1379,1787
724,2012-12-24,1,1,12,0,1,1,2,36.9,32.96685052,81.2,3.8,174,746,920
725,2012-12-25,1,1,12,1,2,0,2,40.2,39.76846416,79.5,6.1,440,573,1013
726,2012-12-26,1,1,12,0,3,1,3,37,40.86233565,86.6,14.1,9,432,441
727,2012-12-27,1,1,12,0,4,1,2,38.5,43.17571103,69.5,14.7,247,1867,2114
728,2012-12-28,1,1,12,0,5,1,2,38.7,38.44007395,59.5,6.5,644,2451,3095
729,2012-12-29,1,1,12,0,6,0,2,37.5,39.19136757,81.3,4.3,159,1182,1341
730,2012-12-30,1,1,12,0,0,0,1,38.2,42.17876823,47.4,15,364,1432,1796
731,2012-12-31,1,1,12,0,1,1,2,35.7,34.47734365,57.6,6.6,439,2290,2729
